SMILES_ADMETLab3;ADMETLab3_BP_pred
CC(C)CC(=O)O;177.47970896818225
CC(C)CCC(=O)O;202.536957859416
CCCCC(=O)O;187.0631771407317
CCCCC(=O)O;187.0631771407317
Cc1ccccc1N;207.53937624660563
CC(C)CC(=O)O;177.47970896818225
CC(C)CCC(=O)O;202.536957859416
Cc1ccccc1N;207.53937624660563
