ID_ADMETLab3;SMILES_ADMETLab3;ADMETLab3_BP_pred
76;CC(C)CC(=O)O;177.47970896818225
79;CC(C)CCC(=O)O;202.536957859416
151;CCCCC(=O)O;187.0631771407317
152;CCCCC(=O)O;187.0631771407317
242;Cc1ccccc1N;207.53937624660563
2200;CC(C)CC(=O)O;177.47970896818225
2226;CC(C)CCC(=O)O;202.536957859416
4900;Cc1ccccc1N;207.53937624660563
